{
    "pools": [{
            "rolls": {
                "min": 2,
                "max": 6
            },
            "entries": [{
                    "type": "item",
                    "weight": 5,
                    "name": "minecraft:diamond",
                    "functions": [{
                        "function": "set_count",
                        "count": {
                            "min": 2,
                            "max": 7
                        }
                    }]
                },
                {
                    "type": "item",
                    "weight": 10,
                    "name": "minecraft:iron_ingot",
                    "functions": [{
                        "function": "set_count",
                        "count": {
                            "min": 4,
                            "max": 8
                        }
                    }]
                },
                {
                    "type": "item",
                    "weight": 15,
                    "name": "minecraft:gold_ingot",
                    "functions": [{
                        "function": "set_count",
                        "count": {
                            "min": 2,
                            "max": 7
                        }
                    }]
                },
                {
                    "type": "item",
                    "weight": 2,
                    "name": "minecraft:emerald",
                    "functions": [{
                        "function": "set_count",
                        "count": {
                            "min": 2,
                            "max": 6
                        }
                    }]
                },
                {
                    "type": "item",
                    "weight": 5,
                    "name": "minecraft:beetroot_seeds",
                    "functions": [{
                        "function": "set_count",
                        "count": {
                            "min": 1,
                            "max": 10
                        }
                    }]
                },
                {
                    "type": "item",
                    "weight": 3,
                    "name": "minecraft:saddle"
                },
                {
                    "type": "item",
                    "weight": 1,
                    "name": "minecraft:iron_horse_armor"
                },
                {
                    "type": "item",
                    "weight": 1,
                    "name": "minecraft:golden_horse_armor"
                },
                {
                    "type": "item",
                    "weight": 1,
                    "name": "minecraft:diamond_horse_armor"
                },
                {
                    "type": "item",
                    "weight": 3,
                    "name": "minecraft:diamond_sword",
                    "functions": [{
                        "function": "enchant_with_levels",
                        "levels": {
                            "min": 20,
                            "max": 39
                        },
                        "treasure": true
                    }]
                },
                {
                    "type": "item",
                    "weight": 3,
                    "name": "minecraft:diamond_boots",
                    "functions": [{
                        "function": "enchant_with_levels",
                        "levels": {
                            "min": 20,
                            "max": 39
                        },
                        "treasure": true
                    }]
                },
                {
                    "type": "item",
                    "weight": 3,
                    "name": "minecraft:diamond_chestplate",
                    "functions": [{
                        "function": "enchant_with_levels",
                        "levels": {
                            "min": 20,
                            "max": 39
                        },
                        "treasure": true
                    }]
                },
                {
                    "type": "item",
                    "weight": 3,
                    "name": "minecraft:diamond_leggings",
                    "functions": [{
                        "function": "enchant_with_levels",
                        "levels": {
                            "min": 20,
                            "max": 39
                        },
                        "treasure": true
                    }]
                },
                {
                    "type": "item",
                    "weight": 3,
                    "name": "minecraft:diamond_helmet",
                    "functions": [{
                        "function": "enchant_with_levels",
                        "levels": {
                            "min": 20,
                            "max": 39
                        },
                        "treasure": true
                    }]
                },
                {
                    "type": "item",
                    "weight": 3,
                    "name": "minecraft:diamond_pickaxe",
                    "functions": [{
                        "function": "enchant_with_levels",
                        "levels": {
                            "min": 20,
                            "max": 39
                        },
                        "treasure": true
                    }]
                },
                {
                    "type": "item",
                    "weight": 3,
                    "name": "minecraft:diamond_shovel",
                    "functions": [{
                        "function": "enchant_with_levels",
                        "levels": {
                            "min": 20,
                            "max": 39
                        },
                        "treasure": true
                    }]
                },
                {
                    "type": "item",
                    "weight": 3,
                    "name": "minecraft:iron_sword",
                    "functions": [{
                        "function": "enchant_with_levels",
                        "levels": {
                            "min": 20,
                            "max": 39
                        },
                        "treasure": true
                    }]
                },
                {
                    "type": "item",
                    "weight": 3,
                    "name": "minecraft:iron_boots",
                    "functions": [{
                        "function": "enchant_with_levels",
                        "levels": {
                            "min": 20,
                            "max": 39
                        },
                        "treasure": true
                    }]
                },
                {
                    "type": "item",
                    "weight": 3,
                    "name": "minecraft:iron_chestplate",
                    "functions": [{
                        "function": "enchant_with_levels",
                        "levels": {
                            "min": 20,
                            "max": 39
                        },
                        "treasure": true
                    }]
                },
                {
                    "type": "item",
                    "weight": 3,
                    "name": "minecraft:iron_leggings",
                    "functions": [{
                        "function": "enchant_with_levels",
                        "levels": {
                            "min": 20,
                            "max": 39
                        },
                        "treasure": true
                    }]
                },
                {
                    "type": "item",
                    "weight": 3,
                    "name": "minecraft:iron_helmet",
                    "functions": [{
                        "function": "enchant_with_levels",
                        "levels": {
                            "min": 20,
                            "max": 39
                        },
                        "treasure": true
                    }]
                },
                {
                    "type": "item",
                    "weight": 3,
                    "name": "minecraft:iron_pickaxe",
                    "functions": [{
                        "function": "enchant_with_levels",
                        "levels": {
                            "min": 20,
                            "max": 39
                        },
                        "treasure": true
                    }]
                },
                {
                    "type": "item",
                    "weight": 3,
                    "name": "minecraft:iron_shovel",
                    "functions": [{
                        "function": "enchant_with_levels",
                        "levels": {
                            "min": 20,
                            "max": 39
                        },
                        "treasure": true
                    }]
                }
            ]
        },
        {
            "rolls": 1,
            "entries": [{
                    "type": "item",
                    "weight": 1,
                    "name": "minecraft:nether_star",
                    "functions": [{
                        "function": "set_nbt",
                        "tag": "{display:{Name:'[{\"text\":\"Warp Stone\",\"italic\":true,\"color\":\"dark_aqua\"}]',Lore:['[{\"text\":\"It\\'s pulsating in your hand...\",\"italic\":true,\"color\":\"#632DD7\"}]','[{\"text\":\"It seems unstable.\",\"italic\":true,\"color\":\"#632DD7\"}]']},HideFlags:1}"
                    }]
                },
                {
                    "type": "item",
                    "weight": 2,
                    "name": "minecraft:ender_pearl",
                    "functions": [{
                        "function": "set_nbt",
                        "tag": "{display:{Name:'[{\"text\":\"Link Pearl\",\"italic\":true,\"color\":\"dark_aqua\"}]',Lore:['[{\"text\":\"The dragon\\'s breath has seems to\",\"italic\":true,\"color\":\"#632DD7\"}]','[{\"text\":\"have enchanted the bauble.\",\"italic\":true,\"color\":\"#632DD7\"}]']},Enchantments:[{id:infinity,lvl:1}],HideFlags:1}"
                    }]
                },
                {
                    "type": "empty",
                    "weight": 7
                }
            ]
        }
    ]
}